Group,DL.4.hydroxymandelic.acid,ethanolamine.,glycine,alpha.ketoglutaric.acid,L.valine,D.mannitol,sucrose,beta.cyano.L.alanine,L.tryptophan,L.isoleucine,succinic.acid,L.proline,uracil,L.cysteine,X4.hydroxyphenylacetic.acid
Root,14.68409537,9.722748777,8.852246713,4.710666457,6.021006384,4.411463137,4.579612164,4.237611226,7.097217667,5.502657234,5.038412576,3.461090209,2.886993274,4.867723551,0.506391297
Rhizosphere,8.604065942,10.83856324,5.692019078,5.2400656,3.892484963,4.975381322,4.523040487,4.796159512,1.88352992,3.088506361,3.328956176,4.266730668,4.688930502,2.289627716,4.696562558
